first_name,last_name,email,section,major1,major2,minor1,minor2
Jake,Jakerson,test1@gmail.com,3,his,eng,csc,imm
Sarah,Sarahly,test2@gmail.com,2,imm,,,
Simp,Simpering,test3@gmail.com,2,imm,,eng,
Bill,Billson,test4@gmail.com,1,his,eng,csc,imm
Jack,Jackson,test5@gmail.com,3,wgs,,,
Bob,Bobson,test6@gmail.com,1,imm,,eng,
Nick,Nickson,test7@gmail.com,2,csc,eng,csc,imm
Mike,Mikeson,test8@gmail.com,3,com,,imm,
Joe,Joeson,test9@gmail.com,1,com,imm,eng,